rank,fips,county,diag_diabetes_pct,diag_diabetes_pct_low,diag_diabetes_pct_high,TotalPop18plus,obesity_pct,inactive_pct,pct_novehicle_low_access,pct_lowincome_low_access,pct_low_food_access,border
1,48127,Dimmit,21.5,18.9,24.3,"5,890",47.7,48.9,4.464040756,25.9058075,53.90260315,1
2,48507,Zavala,21.4,19.8,23.1,"6,563",48.2,48.2,5.537371635,19.70475006,31.59650421,1
3,48427,Starr,20.5,18.0,23.2,"44,621",45.8,47.6,5.762402058,28.65551376,39.64758682,1
4,48247,Jim Hogg,20.2,18.4,22.1,"3,365",45.7,46.6,4.093756676,22.82323456,34.94036865,1
5,48505,Zapata,20.1,17.5,22.7,"9,425",44.5,47.1,2.070812941,21.0682888,33.45455551,1
6,48489,Willacy,19.0,16.5,21.6,"15,371",44.4,44.5,3.777573586,24.46243095,41.05031586,1
7,48047,Brooks,18.2,16.6,19.8,"5,111",43.2,42.0,4.156673431,12.22740841,17.68741226,1
8,48323,Maverick,18.1,15.7,20.6,"39,943",44.6,42.2,2.05224824,26.6383934,37.01883316,1
9,48377,Presidio,17.8,15.5,20.0,"4,219",42.5,41.0,5.068180561,42.79935837,69.45389557,1
10,48215,Hidalgo,17.7,15.6,20.1,"624,451",45.0,38.0,2.440150261,23.97403145,38.8759079,1
11,48389,Reeves,17.5,15.2,19.9,"8,503",41.0,41.6,3.842519522,9.173313141,21.77831459,0
12,48061,Cameron,17.5,15.5,19.7,"306,297",41.0,36.8,2.273398161,19.78013611,33.49152756,1
13,48229,Hudspeth,17.4,16.0,18.8,"3,036",41.1,40.1,4.800966263,67.2657547,99.62373352,1
14,48079,Cochran,17.1,15.1,19.4,"1,832",42.8,41.0,0.703725457,7.884563446,21.17568398,0
15,48131,Duval,17.0,14.8,19.4,"7,139",42.2,40.2,6.151035786,16.04671097,26.72600555,1
16,48479,Webb,16.8,14.5,19.3,"186,022",42.8,40.0,1.317957401,14.42782879,27.71312523,1
17,48283,La Salle,16.6,14.3,18.7,"5,295",40.9,40.9,5.234834194,18.07218933,29.13141632,1
18,48163,Frio,16.5,14.4,18.7,"13,345",41.5,39.5,3.421093941,13.42194939,26.50165749,1
19,48109,Culberson,16.2,13.9,18.3,"1,675",40.8,38.9,7.029994488,5.169555664,7.762441158,1
20,48249,Jim Wells,16.2,13.9,18.5,"28,172",40.8,39.4,4.234220028,11.12862968,22.16429138,1
21,48117,Deaf Smith,16.0,13.9,18.3,"12,613",41.3,39.9,1.959864616,10.16032505,20.51030922,0
22,48371,Pecos,16.0,13.9,18.0,"11,009",39.9,37.3,3.303067446,12.06460381,37.09999466,0
23,48465,Val Verde,15.7,13.6,17.9,"34,333",38.8,36.7,3.080702543,20.52165222,47.192379,1
24,48437,Swisher,15.5,13.4,17.6,"5,305",41.4,36.5,0.483278453,8.539600372,18.86677742,0
25,48273,Kleberg,15.4,13.4,17.6,"22,867",40.0,35.4,2.982429981,18.12231636,33.25568008,1
26,48141,El Paso,15.3,13.5,17.2,"646,273",34.4,33.6,1.222813487,10.04316425,20.85974312,1
27,48115,Dawson,15.3,13.3,17.5,"9,004",40.0,36.8,1.618760943,18.04884911,37.67533112,0
28,48405,San Augustine,15.2,13.1,17.3,"6,232",43.9,36.0,2.965783358,1.989044309,4.502494812,0
29,48445,Terry,15.1,13.2,17.1,"8,240",41.2,36.8,2.386321306,20.39539909,42.84799957,0
30,48189,Hale,15.0,13.0,17.1,"23,506",39.5,36.1,1.088300467,8.071966171,23.29857826,0
31,48261,Kenedy,14.9,12.8,16.9,289,37.9,38.0,6.870228767,56.8639946,97.16565704,1
32,48461,Upton,14.8,13.6,16.0,"2,293",41.2,36.3,2.14444375,9.066512108,33.41282272,0
33,48341,Moore,14.7,13.5,15.9,"14,480",39.1,36.0,1.837688923,13.70919609,26.83272171,0
34,48463,Uvalde,14.6,12.7,16.7,"18,337",41.0,34.1,3.816856623,20.74987411,40.36538696,1
35,48025,Bee,14.6,12.7,16.6,"24,638",39.5,33.5,2.829606533,11.65019131,48.72572708,0
36,48111,Dallam,14.6,12.7,16.5,"4,733",39.7,35.8,1.109303594,21.42044449,48.33496857,0
37,48107,Crosby,14.6,12.7,16.6,"3,652",41.0,35.7,1.223980308,2.309498549,4.80560112,0
38,48355,Nueces,14.5,12.7,16.3,"269,148",40.0,31.3,2.717247009,10.32138157,33.83714676,0
39,48103,Crane,14.5,12.5,16.5,"3,247",40.0,35.9,0.316310674,3.445388317,13.44011402,0
40,48169,Garza,14.5,13.3,15.7,"3,597",39.9,35.9,0.925326705,6.324194908,19.83234406,0
41,48153,Floyd,14.4,13.1,15.6,"3,788",39.7,35.2,2.112332344,4.587013245,15.33294296,0
42,48255,Karnes,14.4,12.4,16.3,"12,017",39.3,34.5,4.17517519,4.427929878,14.59884834,0
43,48375,Potter,14.4,12.6,16.5,"84,112",42.0,34.6,1.569380522,8.302569389,17.69840813,0
44,48279,Lamb,14.3,12.4,16.3,"9,252",40.4,34.9,0.895457149,1.566407084,3.634248018,0
45,48017,Bailey,14.3,13.0,15.6,"4,676",39.5,36.0,0.474835128,2.241520405,6.493100166,0
46,48245,Jefferson,14.2,12.4,16.2,"189,667",41.2,31.3,2.399717331,7.978987694,23.61196709,0
47,48297,Live Oak,14.2,12.4,16.5,"9,407",40.1,33.7,1.831395745,3.674387932,10.24399662,0
48,48487,Wilbarger,14.2,12.4,16.2,"9,895",39.9,34.7,1.034806848,17.65017128,38.66159058,0
49,48351,Newton,14.1,12.2,16.0,"9,669",42.6,34.6,1.490104556,12.12415409,26.5562973,0
50,48311,McMullen,14.1,12.3,16.2,445,39.1,33.2,7.569721222,37.47067261,98.00022125,1
51,48013,Atascosa,14.0,12.3,16.0,"38,008",42.2,34.5,3.347582817,8.900866508,25.04661942,0
52,48391,Refugio,14.0,12.2,15.9,"5,209",40.1,34.0,1.639046311,5.818722725,16.42121887,0
53,48449,Titus,14.0,12.2,15.9,"22,569",38.8,34.5,2.839788675,13.05009079,30.10486984,0
54,48353,Nolan,14.0,12.1,16.1,"10,732",40.8,34.5,1.580405235,7.499300003,24.08855438,0
55,48435,Sutton,14.0,12.1,15.9,"2,454",38.6,34.1,1.743806124,12.97404671,33.34466934,0
56,48101,Cottle,13.9,12.0,16.0,"1,043",40.5,32.8,11.74005795,46.02761459,99.94135284,0
57,48321,Matagorda,13.9,12.1,15.8,"26,887",39.5,32.7,4.195870399,16.16543007,34.71574402,0
58,48409,San Patricio,13.9,12.1,15.9,"52,520",41.3,34.0,2.091145039,12.00548458,31.33854675,0
59,48291,Liberty,13.8,12.0,15.7,"75,346",40.0,34.8,3.350943804,4.392518044,9.770116806,0
60,48145,Falls,13.8,12.1,15.9,"13,585",40.3,32.6,4.560304165,7.72025919,15.21643353,0
61,48029,Bexar,13.8,12.1,15.5,"1,577,040",34.2,30.7,2.251181364,11.77875328,32.66533279,0
62,48471,Walker,13.8,11.9,15.7,"69,285",40.6,30.5,1.5319314,6.88366127,11.20074749,0
63,48137,Edwards,13.7,11.8,15.8,"1,097",38.9,33.7,2.275662184,9.543214798,31.86855316,1
64,48069,Castro,13.7,11.5,16.2,"5,107",38.9,33.5,0.292135626,6.166911125,15.34571457,0
65,48419,Shelby,13.7,12.0,15.7,"17,790",41.3,33.8,4.618098736,7.828208923,16.9090023,0
66,48177,Gonzales,13.7,11.9,15.7,"14,670",39.8,34.7,4.41720295,17.74214172,42.98519516,0
67,48063,Camp,13.7,12.0,15.3,"9,495",40.2,32.7,3.621420622,6.085330963,10.60691357,0
68,48383,Reagan,13.7,12.4,14.9,"2,250",38.7,32.9,0.0,2.203303576,6.366387844,0
69,48135,Ector,13.6,11.8,15.6,"114,193",40.1,32.5,1.511059046,7.365003109,27.85472679,0
70,48155,Foard,13.6,11.8,15.5,854,41.0,32.6,6.358381748,45.77025986,100.0,0
71,48191,Hall,13.6,11.8,15.5,"2,210",40.0,32.5,2.185270548,12.30164719,24.45471954,0
72,48055,Caldwell,13.5,11.7,15.6,"38,288",42.4,33.0,2.282204151,9.034993172,18.40205956,0
73,48357,Ochiltree,13.5,12.3,14.7,"6,797",39.6,33.5,0.353305638,3.544712067,11.7352562,0
74,48349,Navarro,13.5,11.8,15.5,"40,762",38.5,32.3,3.575502872,9.23812294,22.15447044,0
75,48335,Mitchell,13.5,11.6,15.4,"7,271",39.1,32.2,2.44542098,5.998144627,43.48420334,0
76,48475,Ward,13.5,11.7,15.5,"7,825",37.8,33.6,2.25022459,2.897669077,8.085161209,0
77,48369,Parmer,13.5,11.6,15.3,"6,935",37.4,33.2,1.904776692,22.16496468,54.32723236,0
78,48225,Houston,13.5,11.7,15.4,"17,552",38.2,31.7,4.135489941,22.91381264,39.08684921,0
79,48305,Lynn,13.4,11.6,15.4,"4,156",38.5,31.6,2.712828875,16.08450508,35.26044083,0
80,48105,Crockett,13.4,11.6,15.3,"2,119",37.6,33.8,0.471872211,2.131197453,6.634447098,0
81,48495,Winkler,13.3,11.5,15.2,"5,280",37.5,33.0,1.321113348,0.312613875,0.972869873,0
82,48045,Briscoe,13.3,11.6,15.4,"1,128",39.8,31.9,5.826771736,47.74436188,100.0,0
83,48201,Harris,13.2,11.6,14.9,"3,595,915",37.1,26.9,0.897313952,6.815504074,20.88797569,0
84,48271,Kinney,13.2,11.4,15.2,"2,597",38.4,30.5,0.249016389,24.60440063,46.52545547,1
85,48293,Limestone,13.1,11.4,15.0,"17,239",39.9,31.2,3.519669533,7.770275116,17.41661644,0
86,48243,Jeff Davis,13.1,11.3,15.1,"1,764",38.0,30.0,2.517326593,4.573974133,29.42925072,1
87,48227,Howard,13.1,11.3,15.0,"23,509",38.2,31.9,3.342938185,15.81011772,43.92189789,0
88,48123,DeWitt,13.1,11.3,15.0,"15,349",37.5,31.3,3.255022049,1.736751676,5.486621857,0
89,48005,Angelina,13.0,11.3,14.8,"65,255",41.0,32.5,3.047790766,9.801262856,23.55419159,0
90,48001,Anderson,13.0,11.2,14.9,"46,379",39.5,30.1,4.146503925,11.75630474,32.46712875,0
91,48501,Yoakum,13.0,11.3,15.1,"5,012",38.2,32.2,1.964092255,8.334054947,33.14715576,0
92,48347,Nacogdoches,13.0,11.1,14.9,"50,065",35.4,30.5,4.307230949,9.916318893,22.52981758,0
93,48027,Bell,13.0,11.4,14.7,"285,194",43.5,29.8,1.841414332,14.800807,42.99014664,0
94,48003,Andrews,12.9,11.2,14.9,"12,871",36.6,31.5,1.755324244,9.504055977,26.79100609,0
95,48219,Hockley,12.9,11.1,14.8,"15,783",36.4,31.6,2.547813416,18.05722618,47.73984909,0
96,48253,Jones,12.9,11.1,14.8,"16,924",38.8,30.7,3.199981689,10.74888229,25.10399818,0
97,48469,Victoria,12.9,11.2,14.7,"68,723",37.6,30.9,1.985913515,9.548999786,24.44459534,0
98,48481,Wharton,12.9,11.2,14.8,"31,173",40.5,31.1,2.878980398,5.447557449,13.54695225,0
99,48313,Madison,12.9,11.2,14.8,"10,656",38.0,31.5,2.553332329,16.59996986,30.96012115,0
100,48241,Jasper,12.9,11.1,14.8,"25,039",41.2,31.6,5.450719833,7.645610809,17.87756729,0
101,48315,Marion,12.8,11.1,14.7,"7,838",39.1,30.0,6.053030968,3.205780506,7.825022697,0
102,48407,San Jacinto,12.7,11.0,14.5,"22,772",39.1,30.5,4.876223087,2.94901228,8.144462585,0
103,48087,Collingsworth,12.7,11.5,14.1,"1,897",39.1,30.8,0.977146685,2.64530158,7.358327866,0
104,48457,Tyler,12.7,10.8,14.7,"16,475",39.4,31.6,4.102041245,15.11583519,44.19147873,0
105,48095,Concho,12.7,11.6,13.9,"2,894",37.7,31.0,0.421259433,10.61198521,26.7253418,0
106,48073,Cherokee,12.6,10.8,14.4,"39,032",35.9,30.7,3.832359552,15.78588104,34.26974869,0
107,48385,Real,12.6,10.8,14.5,"2,328",38.4,31.5,4.378306389,45.17724991,100.0,1
108,48373,Polk,12.5,10.9,14.4,"43,059",38.3,31.1,3.306973219,3.893228054,8.135548592,0
109,48275,Knox,12.5,11.4,13.7,"2,408",38.0,30.6,2.945522547,21.05708122,47.13617325,0
110,48113,Dallas,12.5,11.0,14.1,"1,960,720",35.7,30.8,1.20411706,7.253475666,18.00843239,0
111,48387,Red River,12.5,10.8,14.3,"9,261",38.7,29.8,4.131706715,26.98181343,58.82913589,0
112,48343,Morris,12.5,10.8,14.3,"9,326",39.1,29.7,2.954556942,0.77495712,2.069875479,0
113,48041,Brazos,12.5,10.8,14.4,"195,226",32.8,26.9,1.507214785,15.04926968,32.50899124,0
114,48179,Gray,12.4,10.6,14.3,"15,662",38.5,30.8,0.829684436,6.988669395,20.55092812,0
115,48325,Medina,12.4,10.7,14.1,"42,472",39.6,29.6,2.493435621,4.932196617,16.70710945,1
116,48287,Lee,12.4,10.7,14.3,"14,389",39.6,30.4,2.602593184,6.441043377,15.51128292,0
117,48415,Scurry,12.4,10.7,14.2,"11,981",38.6,30.5,2.292007923,2.624215841,10.02588463,0
118,48185,Grimes,12.3,10.7,14.0,"25,008",37.1,29.0,4.323743343,10.883708,31.28612137,0
119,48207,Haskell,12.3,10.6,14.1,"4,416",36.9,30.6,4.743182182,14.87397671,38.13853455,0
120,48165,Gaines,12.3,10.7,14.1,"14,406",36.5,32.5,0.904007316,1.132925034,3.213600397,0
121,48395,Robertson,12.3,10.7,14.1,"13,118",38.0,29.7,4.768206596,14.8417654,39.63476563,0
122,48195,Hansford,12.3,10.5,14.2,"3,618",37.4,30.5,4.367228985,14.6101923,34.41468811,0
123,48183,Gregg,12.3,10.6,14.1,"93,766",37.2,28.7,2.529677391,10.66113186,23.49523544,0
124,48401,Rusk,12.2,10.5,13.9,"41,108",37.5,29.0,3.523730516,10.80805206,26.92325974,0
125,48125,Dickens,12.2,10.5,14.0,"1,399",38.1,29.8,1.092770219,5.555105209,19.84283638,0
126,48309,McLennan,12.2,10.6,13.9,"204,435",36.1,28.1,4.192082882,20.49243546,43.96932602,0
127,48057,Calhoun,12.2,10.6,13.9,"15,174",35.1,30.0,2.59345293,20.10328674,55.81444168,0
128,48473,Waller,12.2,10.6,14.0,"48,491",38.6,28.3,2.812302113,11.42485714,17.70019913,0
129,48269,King,12.2,10.4,14.1,168,37.8,29.1,0.0,26.55172348,100.0,0
130,48239,Jackson,12.1,10.4,13.8,"11,330",38.1,30.2,2.016932487,3.98435235,19.87562561,0
131,48295,Lipscomb,12.1,10.4,14.0,"2,179",36.9,29.2,2.222681999,28.18438911,99.9995575,0
132,48037,Bowie,12.1,10.4,13.9,"69,941",36.9,28.2,1.908926487,10.67125225,28.27620316,0
133,48327,Menard,12.1,10.4,13.9,"1,592",37.6,30.0,2.60246706,6.879956245,20.18120575,0
134,48303,Lubbock,12.0,10.4,13.8,"245,983",37.1,28.6,1.646282434,9.051574707,19.93244171,0
135,48411,San Saba,12.0,11.0,13.1,"4,743",37.0,29.8,1.735724688,17.40410233,37.28669357,0
136,48067,Cass,12.0,10.4,13.8,"22,102",39.3,28.6,4.462496281,5.115977287,10.68388939,0
137,48021,Bastrop,12.0,10.3,13.8,"82,035",40.1,30.8,2.457472086,10.92185116,29.30428886,0
138,48075,Childress,12.0,10.4,13.8,"5,492",37.3,29.8,3.302947521,20.44788551,53.40185547,0
139,48203,Harrison,11.9,10.3,13.8,"53,891",39.2,28.7,2.346112967,4.805274963,13.79162121,0
140,48451,Tom Green,11.9,10.2,13.6,"90,938",37.5,28.6,2.349422216,17.54880714,41.20658493,0
141,48307,McCulloch,11.9,10.2,13.7,"5,892",36.7,30.1,3.391548395,22.66822815,40.88124847,0
142,48161,Freestone,11.9,10.2,13.8,"15,822",38.2,28.4,3.63120532,7.218774319,17.38473511,0
143,48331,Milam,11.9,10.3,13.6,"20,070",37.3,29.5,4.17404604,12.07387638,26.78658295,0
144,48197,Hardeman,11.9,10.3,13.5,"2,702",38.0,29.3,1.685798526,10.11448193,25.8439827,0
145,48413,Schleicher,11.9,10.8,13.0,"1,809",36.4,29.1,0.936944246,5.120375633,10.5318327,0
146,48277,Lamar,11.9,10.2,13.8,"38,549",38.7,28.8,2.96524477,14.54977417,31.22830009,0
147,48081,Coke,11.8,10.1,13.5,"2,630",37.0,29.1,3.555095196,36.0412941,99.97629547,0
148,48483,Wheeler,11.8,10.8,12.8,"3,606",37.3,29.2,1.146026611,2.773734331,11.46669483,0
149,48455,Trinity,11.8,10.1,13.4,"11,401",37.8,29.1,3.876574516,3.968203545,8.206377029,0
150,48429,Stephens,11.8,10.2,13.5,"7,416",37.0,28.9,2.506290436,13.7757082,27.64224052,0
151,48399,Runnels,11.8,10.2,13.6,"7,542",36.1,29.4,1.682899237,13.80655193,35.09721756,0
152,48237,Jack,11.8,10.1,13.6,"6,909",37.9,29.5,2.516794205,18.02354622,46.32151794,0
153,48015,Austin,11.8,10.2,13.6,"24,216",37.5,28.6,2.443660736,2.565296888,8.025140762,0
154,48423,Smith,11.7,10.0,13.5,"186,274",37.9,26.4,2.33782649,7.705276966,20.73150253,0
155,48267,Kimble,11.7,10.0,13.4,"3,628",37.5,28.7,1.426379561,7.353768826,23.91500664,0
156,48175,Goliad,11.6,10.0,13.3,"5,744",37.1,28.1,1.437142015,9.645019531,36.80334091,0
157,48023,Baylor,11.6,10.0,13.6,"2,691",36.5,28.6,0.517226636,1.785033345,7.440770149,0
158,48187,Guadalupe,11.6,10.2,13.3,"143,773",34.4,25.4,2.609767914,14.3521328,53.30007172,0
159,48363,Palo Pinto,11.6,9.9,13.3,"22,840",39.4,29.2,2.428147316,20.47014427,58.49837875,0
160,48485,Wichita,11.6,10.0,13.4,"100,315",36.2,27.0,1.715143442,11.07210732,33.65149307,0
161,48089,Colorado,11.6,9.9,13.2,"16,091",36.7,28.1,0.937575459,6.700291634,20.62091827,0
162,48317,Martin,11.5,10.6,12.5,"3,571",35.6,29.3,1.741430163,6.876299858,21.42398834,0
163,48099,Coryell,11.5,10.0,13.2,"65,792",38.0,27.8,1.381543756,20.02835464,50.40167999,0
164,48257,Kaufman,11.5,9.9,13.2,"132,239",37.6,27.6,2.038490295,6.906116962,15.60565376,0
165,48217,Hill,11.5,9.9,13.2,"29,280",37.0,29.0,2.333451748,2.713098288,6.342985153,0
166,48433,Stonewall,11.5,10.5,12.6,955,36.7,29.1,6.062784672,4.948864937,14.86655045,0
167,48049,Brown,11.4,10.0,12.9,"30,770",35.2,28.7,3.412367821,12.84934807,30.49430084,0
168,48439,Tarrant,11.4,9.9,13.0,"1,635,353",33.1,27.8,1.275880456,8.953746796,31.48336601,0
169,48459,Upshur,11.4,9.8,13.2,"32,998",37.3,28.2,3.039932251,4.424266815,8.995697021,0
170,48329,Midland,11.4,9.8,13.0,"125,208",35.8,27.0,1.536742449,7.125230312,27.96403313,0
171,48147,Fannin,11.4,9.7,13.2,"29,614",39.1,28.0,2.854232788,14.49651814,36.8875885,0
172,48093,Comanche,11.4,9.8,13.2,"10,881",37.1,28.5,1.111047983,8.952056885,17.7135582,0
173,48133,Eastland,11.4,9.8,13.1,"14,154",36.2,28.3,1.86082828,11.00802231,26.276577,0
174,48289,Leon,11.4,9.8,13.1,"12,726",36.4,28.3,2.783847094,4.606534958,13.08960438,0
175,48007,Aransas,11.4,9.8,13.2,"20,864",36.4,27.6,3.822834492,15.7618103,31.65818024,0
176,48359,Oldham,11.3,9.6,13.0,"1,398",35.3,27.4,1.110396147,34.5307312,100.0,0
177,48039,Brazoria,11.3,9.9,12.8,"297,394",35.8,25.4,1.457976341,7.410588741,26.15159798,0
178,48213,Henderson,11.3,9.8,13.2,"67,684",35.6,28.3,3.315909863,8.583912849,18.08758163,0
179,48441,Taylor,11.3,9.8,12.8,"110,949",35.7,26.5,1.957542777,12.75644779,30.25719261,0
180,48083,Coleman,11.3,9.7,12.8,"6,188",37.2,27.5,2.521447182,11.63710976,27.29188538,0
181,48365,Panola,11.3,9.8,13.0,"17,537",37.5,27.3,4.076259136,8.135859489,24.93348122,0
182,48421,Sherman,11.2,10.2,12.3,"1,950",35.7,27.7,1.608792186,5.819386482,24.74861717,0
183,48223,Hopkins,11.2,9.7,12.9,"28,933",37.7,28.4,2.36102891,10.83691502,29.7961731,0
184,48231,Hunt,11.2,9.5,12.9,"85,368",36.9,27.7,3.00477314,4.03233099,8.476430893,0
185,48403,Sabine,11.1,9.3,12.8,"8,293",35.8,27.2,3.563672304,5.892680168,15.88929939,0
186,48285,Lavaca,11.1,9.5,12.7,"15,741",36.8,27.4,2.481384039,3.701370478,13.93766022,0
187,48157,Fort Bend,11.1,9.6,12.6,"674,906",29.4,24.0,1.149989009,9.017831802,39.29185486,0
188,48143,Erath,11.0,9.5,12.7,"35,075",35.8,26.1,2.362947941,18.82875824,42.36328888,0
189,48493,Wilson,11.0,9.5,12.6,"41,434",34.9,25.6,1.822425485,1.63462317,5.179387093,0
190,48193,Hamilton,11.0,9.3,12.6,"6,752",36.6,27.4,1.336004734,8.530035973,30.961092,0
191,48447,Throckmorton,11.0,9.9,12.2,"1,159",36.3,26.9,2.076561451,32.21606445,100.0,0
192,48281,Lampasas,11.0,9.5,12.6,"18,331",34.8,26.1,1.480806351,7.586791515,15.61399078,0
193,48251,Johnson,11.0,9.4,12.7,"150,832",33.1,26.7,1.789173961,5.897081852,19.8516674,0
194,48233,Hutchinson,11.0,9.5,12.6,"15,111",35.2,27.2,1.47134769,8.754051208,26.52110863,0
195,48051,Burleson,11.0,9.4,12.9,"15,139",35.8,27.1,3.239683628,5.079948425,17.5616684,0
196,48139,Ellis,10.9,9.4,12.5,"164,247",36.9,25.7,1.42141366,8.898382187,34.10849762,0
197,48119,Delta,10.9,10.0,11.9,"4,187",37.0,26.7,2.895091772,2.701088905,7.210911751,0
198,48129,Donley,10.9,9.5,12.6,"2,573",35.9,27.1,1.044413924,5.811894417,15.60278797,0
199,48361,Orange,10.9,9.4,12.5,"63,756",38.2,26.7,2.504643679,10.46258354,31.13700676,0
200,48019,Bandera,10.8,9.4,12.4,"18,811",35.4,26.8,2.172217607,13.05528545,34.94486618,1
201,48209,Hays,10.8,9.3,12.5,"218,510",35.3,23.9,1.308427691,3.614959002,9.7937603,0
202,48097,Cooke,10.8,9.2,12.5,"33,539",36.2,26.5,1.506131649,3.363723516,8.98730278,0
203,48205,Hartley,10.8,9.3,12.6,"4,012",34.3,25.9,0.187248319,8.940256119,23.92074966,0
204,48151,Fisher,10.8,9.4,12.4,"2,830",36.1,26.5,2.139342785,3.104610205,17.02308083,0
205,48265,Kerr,10.8,9.2,12.4,"44,017",35.3,25.7,1.541860461,7.011229038,13.81399059,0
206,48167,Galveston,10.8,9.3,12.3,"277,060",33.8,24.8,1.436008453,9.33605957,39.57194138,0
207,48503,Young,10.8,9.2,12.5,"13,798",37.3,27.0,2.908450127,11.70475388,30.13889885,0
208,48467,Van Zandt,10.7,9.2,12.4,"49,331",35.9,27.0,2.470535517,11.80605698,29.40088844,0
209,48477,Washington,10.7,9.2,12.4,"29,213",37.0,25.2,3.073420286,7.04151392,17.98636436,0
210,48071,Chambers,10.7,9.1,12.3,"38,951",34.6,25.1,1.751114011,4.714177608,11.66913986,0
211,48181,Grayson,10.6,9.1,12.2,"111,562",33.9,26.4,2.929217815,8.259990692,20.94737434,0
212,48499,Wood,10.6,9.1,12.3,"39,005",34.8,26.2,1.702548265,10.08079624,21.71412659,0
213,48035,Bosque,10.5,9.1,12.2,"15,064",36.1,26.0,2.064950228,3.410085678,9.052834511,0
214,48043,Brewster,10.5,9.0,12.1,"7,906",33.6,23.8,1.459174275,17.01903915,39.17916489,1
215,48337,Montague,10.5,9.0,11.9,"16,711",35.0,26.6,1.749901056,8.377884865,18.76672173,0
216,48345,Motley,10.5,9.5,11.6,819,35.8,26.3,1.55309391,9.544001579,18.4537487,0
217,48443,Terrell,10.4,9.0,12.0,556,34.3,23.8,14.00491428,38.44252014,100.0,1
218,48339,Montgomery,10.4,8.9,12.2,"528,013",31.4,23.1,1.543695331,9.280469894,37.25394058,0
219,48199,Hardin,10.4,8.9,12.0,"43,697",33.7,25.7,2.153179169,12.14630985,33.87801361,0
220,48235,Irion,10.3,9.1,11.7,"1,190",35.0,24.8,4.941915989,26.79927826,99.97419739,0
221,48053,Burnet,10.3,8.8,12.0,"43,122",35.4,25.0,3.131638288,6.832735062,24.97153473,0
222,48497,Wise,10.3,8.9,12.0,"58,924",33.8,25.9,1.448661327,3.198731899,9.840698242,0
223,48379,Rains,10.3,8.7,12.0,"10,414",35.6,25.3,1.733552575,0.0,0.0,0
224,48059,Callahan,10.2,8.7,11.9,"11,235",36.0,24.8,2.992281675,14.46343803,37.86876678,0
225,48149,Fayette,10.1,8.6,11.7,"20,303",34.4,24.3,1.625371933,7.906385899,23.61672974,0
226,48299,Llano,10.1,8.6,11.6,"19,317",36.7,24.5,2.765309095,15.96240234,36.35306931,0
227,48381,Randall,10.0,8.5,11.4,"113,132",35.4,23.2,0.616747975,3.378084421,13.56987572,0
228,48009,Archer,9.9,8.9,10.8,"6,979",34.7,24.7,1.359506369,4.866219044,16.31709099,0
229,48319,Mason,9.9,8.8,10.9,"3,203",34.3,23.9,1.170796871,2.844255447,21.18437386,0
230,48159,Franklin,9.9,8.5,11.5,"8,409",35.5,23.8,2.562465906,17.97464371,53.8825264,0
231,48333,Mills,9.9,8.3,11.5,"3,625",33.6,24.3,0.740787268,9.530774117,24.67764664,0
232,48173,Glasscock,9.9,8.7,11.0,853,33.6,22.7,0.725195765,22.54210663,98.21762085,0
233,48077,Clay,9.8,8.3,11.3,"8,542",34.8,24.2,2.990008354,17.58923721,55.0039711,0
234,48425,Somervell,9.8,8.4,11.4,"7,756",33.9,24.2,0.833530784,0.0,0.0,0
235,48211,Hemphill,9.7,8.3,11.2,"2,336",33.2,24.3,0.40300557,1.979409933,10.59745598,0
236,48121,Denton,9.6,8.3,11.1,"775,771",33.2,21.2,0.716241896,5.783359528,27.39209747,0
237,48491,Williamson,9.5,8.2,10.9,"532,125",32.1,22.4,1.264954805,10.22053051,49.09511948,0
238,48417,Shackelford,9.5,8.1,11.0,"2,477",33.8,22.5,2.134432077,5.905126095,14.384655,0
239,48453,Travis,9.5,8.3,10.8,"1,071,849",30.1,20.3,1.185184121,8.192790031,31.6507988,0
240,48171,Gillespie,9.5,8.1,11.1,"22,412",33.7,23.1,1.465122938,2.946403027,10.72372818,0
241,48431,Sterling,9.4,8.0,11.0,980,33.2,23.2,2.947368383,47.2560997,100.0,0
242,48011,Armstrong,9.4,8.0,11.0,"1,422",33.3,22.8,0.555720687,19.80428886,99.74791718,0
243,48065,Carson,9.3,8.0,10.8,"4,511",33.8,22.6,0.993213415,4.98446846,17.64510918,0
244,48263,Kent,9.3,7.9,10.8,557,33.1,22.4,4.278074741,36.14599991,97.19525909,0
245,48033,Borden,9.3,8.4,10.4,455,33.0,22.5,0.0,15.00742912,100.0,0
246,48091,Comal,9.2,8.0,10.7,"151,068",34.5,20.8,2.19168663,5.129034996,15.99870205,0
247,48367,Parker,9.2,7.8,10.7,"131,016",35.0,22.6,2.026274204,6.247348785,22.82784081,0
248,48031,Blanco,9.2,7.8,10.7,"10,896",34.3,22.0,1.556661725,1.015934587,4.620966911,0
249,48221,Hood,9.2,7.8,10.7,"53,986",33.4,22.7,1.610983014,5.841619968,24.00236893,0
250,48085,Collin,9.1,7.8,10.5,"903,972",31.6,19.9,0.57290715,3.5691185,22.26993561,0
251,48393,Roberts,8.9,7.6,10.3,631,33.8,21.9,1.436781645,11.65402031,90.76309204,0
252,48259,Kendall,8.8,7.6,10.3,"39,429",34.1,19.9,0.974787652,0.973110914,6.863818645,0
253,48397,Rockwall,8.7,7.4,10.1,"96,606",34.4,20.1,1.000758648,3.062453508,22.33760834,0
